hour,job_name
0.0,909
1.0,661
2.0,386
3.0,517
4.0,689
5.0,585
6.0,552
7.0,677
8.0,647
9.0,507
10.0,504
11.0,722
12.0,715
13.0,339
14.0,384
15.0,321
16.0,276
17.0,950
18.0,708
19.0,464
20.0,533
21.0,469
22.0,646
23.0,401
24.0,929
25.0,740
26.0,352
27.0,286
28.0,418
29.0,653
30.0,423
31.0,860
32.0,704
33.0,652
34.0,1024
35.0,1037
36.0,644
37.0,819
38.0,857
39.0,996
40.0,950
41.0,930
42.0,763
43.0,586
44.0,696
45.0,758
46.0,635
47.0,598
48.0,712
49.0,621
50.0,424
51.0,526
52.0,429
53.0,383
54.0,427
55.0,637
56.0,866
57.0,729
58.0,1011
59.0,986
60.0,756
61.0,1027
62.0,972
63.0,1084
64.0,971
65.0,1255
66.0,1013
67.0,655
68.0,680
69.0,710
70.0,688
71.0,620
72.0,984
73.0,822
74.0,330
75.0,263
76.0,430
77.0,507
78.0,484
79.0,636
80.0,499
81.0,644
82.0,1200
83.0,1307
84.0,790
85.0,584
86.0,944
87.0,933
88.0,1007
89.0,919
90.0,789
91.0,660
92.0,824
93.0,548
94.0,554
95.0,776
96.0,1080
97.0,1083
98.0,403
99.0,328
100.0,358
101.0,431
102.0,552
103.0,345
104.0,589
105.0,867
106.0,949
107.0,1241
108.0,1124
109.0,704
110.0,834
111.0,927
112.0,779
113.0,1080
114.0,665
115.0,729
116.0,1081
117.0,868
118.0,651
119.0,513
120.0,1218
121.0,711
122.0,430
123.0,452
124.0,415
125.0,429
126.0,558
127.0,684
128.0,796
129.0,949
130.0,896
131.0,1103
132.0,681
133.0,984
134.0,1088
135.0,886
136.0,785
137.0,879
138.0,719
139.0,467
140.0,456
141.0,460
142.0,535
143.0,409
144.0,1002
145.0,764
146.0,492
147.0,497
148.0,649
149.0,540
150.0,556
151.0,783
152.0,505
153.0,470
154.0,564
155.0,724
156.0,861
157.0,437
158.0,561
159.0,348
160.0,491
161.0,453
162.0,449
163.0,294
164.0,350
165.0,302
166.0,445
167.0,318
168.0,1010
